{
    "types_num": 39,
    "types": [
        "object_type",
        "object_name",
        "playlist",
        "rating_value",
        "timeRange",
        "artist",
        "music_item",
        "city",
        "restaurant_type",
        "spatial_relation",
        "rating_unit",
        "playlist_owner",
        "best_rating",
        "party_size_number",
        "state",
        "object_select",
        "country",
        "movie_name",
        "service",
        "movie_type",
        "year",
        "location_name",
        "entity_name",
        "sort",
        "condition_temperature",
        "object_location_type",
        "condition_description",
        "restaurant_name",
        "party_size_description",
        "object_part_of_series_type",
        "geographic_poi",
        "current_location",
        "served_dish",
        "track",
        "cuisine",
        "album",
        "facility",
        "genre",
        "poi"
    ],
    "sentence_num": 13084,
    "sentence_level_vc": {
        "object_type": 0.08900755251357093,
        "object_name": 0.08219258909605853,
        "playlist": 0.057882936039650695,
        "rating_value": 0.05534576351191881,
        "timeRange": 0.055286759499645975,
        "artist": 0.053221619070096766,
        "music_item": 0.04617063960349304,
        "city": 0.03847061600188813,
        "restaurant_type": 0.03776256785461411,
        "spatial_relation": 0.03369129100778853,
        "rating_unit": 0.031891668633467075,
        "playlist_owner": 0.03077059240028322,
        "best_rating": 0.029708520179372196,
        "party_size_number": 0.028764455983006844,
        "state": 0.028085909841869247,
        "object_select": 0.027790889780505073,
        "country": 0.02395562898277083,
        "movie_name": 0.022569034694359218,
        "service": 0.021742978522539532,
        "movie_type": 0.019648336086853905,
        "year": 0.018025725749350956,
        "location_name": 0.016698135473212177,
        "entity_name": 0.016550625442530092,
        "sort": 0.015282039178664148,
        "condition_temperature": 0.013334906773660608,
        "object_location_type": 0.013275902761387775,
        "condition_description": 0.01256785461411376,
        "restaurant_name": 0.009558649988199197,
        "party_size_description": 0.009057115883880104,
        "object_part_of_series_type": 0.008791597828652348,
        "geographic_poi": 0.008260561718196837,
        "current_location": 0.0076115175831956575,
        "served_dish": 0.0076115175831956575,
        "track": 0.00595940523955629,
        "cuisine": 0.005811895208874204,
        "album": 0.0049268350247816855,
        "facility": 0.004631814963417512,
        "genre": 0.004100778852962002,
        "poi": 0.003982770828416332
    },
    "sentence_level": {
        "object_type": 3017,
        "object_name": 2786,
        "playlist": 1962,
        "rating_value": 1876,
        "timeRange": 1874,
        "artist": 1804,
        "music_item": 1565,
        "city": 1304,
        "restaurant_type": 1280,
        "spatial_relation": 1142,
        "rating_unit": 1081,
        "playlist_owner": 1043,
        "best_rating": 1007,
        "party_size_number": 975,
        "state": 952,
        "object_select": 942,
        "country": 812,
        "movie_name": 765,
        "service": 737,
        "movie_type": 666,
        "year": 611,
        "location_name": 566,
        "entity_name": 561,
        "sort": 518,
        "condition_temperature": 452,
        "object_location_type": 450,
        "condition_description": 426,
        "restaurant_name": 324,
        "party_size_description": 307,
        "object_part_of_series_type": 298,
        "geographic_poi": 280,
        "current_location": 258,
        "served_dish": 258,
        "track": 202,
        "cuisine": 197,
        "album": 167,
        "facility": 157,
        "genre": 139,
        "poi": 135
    },
    "token_num": 117700,
    "token_level": {
        "object_name": 10271,
        "playlist": 5202,
        "timeRange": 4640,
        "object_type": 3988,
        "artist": 3574,
        "movie_name": 2635,
        "spatial_relation": 1990,
        "rating_value": 1877,
        "city": 1755,
        "entity_name": 1734,
        "music_item": 1613,
        "restaurant_type": 1434,
        "location_name": 1273,
        "party_size_description": 1218,
        "state": 1146,
        "playlist_owner": 1141,
        "country": 1140,
        "geographic_poi": 1114,
        "rating_unit": 1081,
        "best_rating": 1007,
        "party_size_number": 975,
        "object_select": 945,
        "service": 897,
        "restaurant_name": 890,
        "movie_type": 882,
        "object_location_type": 744,
        "sort": 666,
        "track": 612,
        "year": 611,
        "album": 529,
        "condition_temperature": 453,
        "condition_description": 426,
        "served_dish": 387,
        "current_location": 375,
        "poi": 300,
        "object_part_of_series_type": 300,
        "cuisine": 227,
        "genre": 189,
        "facility": 171
    }
}